"churn","p_1"
0,0.0148077955790335
0,0.134639175960952
0,0.00889483493491575
0,0.520314081665591
0,0.0786228279586671
0,0.0959299667202662
0,0.643879805554333
0,0.398905295609378
0,0.130014629758957
0,0.194674932942541
0,0.680103040970285
0,0.153627306636225
0,0.184627370847675
0,0.251173388365399
0,0.0258338664718464
0,0.196672501102508
0,0.39347999729222
0,0.691896841655641
0,0.308736905322131
0,0.867957764406717
0,0.116033505990956
0,0.0908407919408577
0,0.251173388365399
0,0.794911079048621
0,0.448149946517929
0,0.257637101845255
0,0.0930229930091657
0,0.0858102461778032
0,0.141404570839572
0,0.0526709493852089
0,0.0269603297425804
0,0.018848712097332
0,0.0148060106135131
0,0.234220096505295
0,0.0683567928716713
0,0.0826133460877342
0,0.735975250458758
0,0.0682302338752693
0,0.0426792196207942
0,0.41633107358188
0,0.103185204669829
0,0.0560718250514509
0,0.555656024142668
0,0.364055020082234
0,0.00938567846166396
0,0.640415016110582
0,0.0181892190619486
0,0.0295903787485869
0,0.3494866016568
0,0.0420851621747603
0,0.0270754982696855
0,0.416615493912832
0,0.431642598703519
0,0.633895289024307
0,0.359627165052803
0,0.691896841655641
0,0.0494526364183657
0,0.61763529908214
0,0.357075702557057
0,0.178463707680072
0,0.0486484411002824
0,0.365459082672537
0,0.058105675166981
0,0.256000392395218
0,0.475536983411826
0,0.0464498714127852
0,0.0370300425173884
0,0.617774427481031
0,0.647634298082896
0,0.60896052689871
0,0.165763871829552
0,0.394928893191602
0,0.0381020387430852
0,0.365459082672537
0,0.781730716302695
0,0.0416848936104188
0,0.647634298082896
0,0.36606609271858
0,0.13798207063731
0,0.0161106117012937
0,0.14277370527547
0,0.183370413777705
0,0.0309258573653652
0,0.0412129797776495
0,0.404841328430547
0,0.283644069143037
0,0.300443685902794
0,0.031297861083411
0,0.258476099121216
0,0.28304091537317
0,0.11256413365536
0,0.519698907041658
0,0.2878305858796
0,0.0364046587657129
0,0.0236269823996836
0,0.41073084832317
0,0.0199164295641206
0,0.532066207761537
0,0.0353531005255188
0,0.723321504026621
0,0.0782000564316406
0,0.0211042590263503
0,0.411718669388917
0,0.528989266421617
0,0.0418588592714863
0,0.019418608302696
0,0.193720260925333
0,0.307660850793197
0,0.838241242510662
0,0.0191970573586772
0,0.218520479833545
0,0.138204048419537
0,0.0569739638281207
0,0.186194039663282
0,0.0719678893583381
0,0.101871774122629
0,0.829489786078689
0,0.0350467858452042
0,0.748330619639194
0,0.013134299256851
0,0.412885222093599
0,0.0240301279509675
0,0.0107821276867618
0,0.144790537221447
0,0.232671872807531
0,0.0128553918415065
0,0.019093584149935
0,0.0114348398330712
0,0.490807024785137
0,0.0168782111844893
0,0.138204048419537
0,0.282309800265282
0,0.205826548297686
0,0.884695835647586
0,0.132257861240955
0,0.473203224613004
0,0.116798963470138
0,0.085214606411491
0,0.0479295716139302
0,0.224634552558694
0,0.0361812040967521
0,0.629358723686724
0,0.0500084429967569
0,0.117917160878189
0,0.603997397871735
0,0.600614914006174
0,0.768682204426458
0,0.13798207063731
0,0.597269717729154
0,0.82910121972749
0,0.725956087822359
0,0.63131500757405
0,0.333925016797721
0,0.0423578160578982
0,0.0865850589950251
0,0.0308314312094575
0,0.682262241059858
0,0.0851545485149685
0,0.401251460913511
0,0.047164511682215
0,0.0116445943502923
0,0.128239098799163
0,0.493021532203582
0,0.0485794633017563
0,0.924063157468468
0,0.0141815853893286
0,0.631357410943533
0,0.691612431458761
0,0.312172376892107
0,0.653099263202736
0,0.0500234836892327
0,0.133244585975865
0,0.128868820331857
0,0.101520511744008
0,0.0543059575434354
0,0.767156494603705
0,0.860660990633086
0,0.0758688960389951
0,0.239002963681134
0,0.406949999477515
0,0.0344995291928976
0,0.0959299667202662
0,0.296938741716742
0,0.404055051431589
0,0.748123857988497
0,0.0710023616606788
0,0.105853342632624
0,0.0132611882622589
0,0.839750516287578
0,0.713707671759895
0,0.0803980115332189
0,0.015054789895897
0,0.508676412783057
0,0.398905295609378
0,0.19833273508965
0,0.810563593655412
0,0.134093598089637
0,0.750649236269749
0,0.636083784365689
0,0.333352441393603
0,0.132017268402905
0,0.324157982105125
0,0.0334613773360898
0,0.243145099801317
0,0.456725574684716
0,0.227260725187149
0,0.130865495367424
0,0.381469452334769
0,0.508241248868686
0,0.0984073212084785
0,0.0308253029187186
0,0.456262337647263
0,0.422552941054002
0,0.360394450142772
0,0.250627212288836
0,0.0485794633017563
0,0.105853342632624
0,0.790939412558981
0,0.0118876908860985
0,0.459479380586868
0,0.0641187141783795
0,0.058105675166981
0,0.0344586148911781
0,0.707355788918258
0,0.174025963778404
0,0.34883884300127
0,0.422863757871314
0,0.509054133208449
0,0.666160032919163
0,0.0562933673568301
0,0.457204574962161
0,0.657931367568604
0,0.385565826021052
0,0.365459082672537
0,0.395946587132384
0,0.00900061844676573
0,0.560445593829011
0,0.311429546167279
0,0.119136626738041
0,0.0609033026056095
0,0.455415652028999
0,0.271820595316387
0,0.0858453498186738
0,0.311465741790094
0,0.802912834095621
0,0.508241248868686
0,0.0498993127128264
0,0.222780715400535
0,0.243908353718185
0,0.0810997459231131
0,0.860703197061571
0,0.210240473854304
0,0.0761369315291558
0,0.327344589563026
0,0.571032418071673
0,0.201763573518963
0,0.0253780331664736
0,0.0213981076484708
0,0.557781085000026
0,0.387256374071135
0,0.680198269057694
0,0.114677066807136
0,0.697815160923998
0,0.899513497730897
0,0.675089030381557
0,0.603997397871735
0,0.0097062343807846
0,0.0158618848833798
0,0.244196797290607
0,0.74973998982326
0,0.0413371233612086
0,0.629903175695648
0,0.220654725643382
0,0.473994873975117
0,0.737299143935981
0,0.017868666847037
0,0.172285379124817
0,0.0641130600857272
0,0.638268992449064
0,0.0269117846160742
0,0.552882591896003
0,0.12239739047956
0,0.910690964122839
0,0.0271346965940694
0,0.469733144206746
0,0.234151424104988
0,0.555051879465597
0,0.0121683453426814
0,0.859953857517345
0,0.676354037334876
0,0.420426613411694
0,0.109542065554971
0,0.017222174447316
0,0.25473050445843
0,0.377465651404559
0,0.855793167312717
0,0.0230158548321027
0,0.0651338232937429
0,0.702667439932635
0,0.617774427481031
0,0.19412449834002
0,0.0413371233612086
0,0.082741737972738
0,0.76214046189763
0,0.65308531000749
0,0.0933383781975553
0,0.442218004657512
0,0.572853082782841
0,0.349794450362088
0,0.156139058272832
0,0.727009649944526
0,0.0505203206091703
0,0.0356463274577339
0,0.398280553814819
0,0.166714182947032
0,0.268652256633229
0,0.624243108534909
0,0.15249723556304
0,0.0412849675870808
0,0.290604011664592
0,0.37743206602958
0,0.0250131505103104
0,0.083647774192297
0,0.129676114254959
0,0.570022142613278
0,0.282309800265282
0,0.449022035211203
0,0.208546664565728
0,0.528989266421617
0,0.140886360719967
0,0.850156193904745
0,0.903834451369919
0,0.32139847145822
0,0.544456180379528
0,0.69569840386331
0,0.490513095061261
0,0.519698907041658
0,0.541650530277281
0,0.215525409188708
0,0.711551729553274
0,0.333925016797721
0,0.19972049486843
0,0.208607390441426
0,0.377482432166095
0,0.705647540685521
0,0.0102750724926202
0,0.70747162289434
0,0.316261863601261
0,0.417955883085495
0,0.577172692398279
0,0.760533927633978
0,0.0431773705850321
0,0.135449875344143
0,0.212828227039377
0,0.710366008496825
0,0.0218909717732261
0,0.46902602255452
0,0.0933383781975553
0,0.386254110802334
0,0.0302272735014904
0,0.713449252193075
0,0.0148505381926733
0,0.367034200627526
0,0.0480712536692229
0,0.203461160757992
0,0.721530969934809
0,0.390171058550346
0,0.678522927506988
0,0.0248376156739097
0,0.375144956345917
0,0.689538788467299
0,0.25473050445843
0,0.16615164625603
0,0.125224612928108
0,0.514047147272588
0,0.124121662334386
0,0.504353707024119
0,0.748123857988497
0,0.311897406013929
0,0.0737088228648701
0,0.603997397871735
0,0.755684763977672
0,0.785566039349197
0,0.370044485676729
0,0.0258956215817311
0,0.412726024965651
0,0.112101213569969
0,0.12622026602355
0,0.702667439932635
0,0.0217422310578647
0,0.274691598207031
0,0.844451406679345
0,0.577334093395065
0,0.201700121893644
0,0.0198990349368261
0,0.666467325512491
0,0.646006534253216
0,0.654902823757322
0,0.0725664658200582
0,0.0447496562882159
0,0.106731562417924
0,0.0177078825547382
0,0.186194039663282
0,0.58019780140135
0,0.838241242510662
0,0.705647540685521
0,0.127649351967857
0,0.162108073455645
0,0.570272622522034
0,0.0885348922568885
0,0.177253588273491
0,0.702667439932635
0,0.0368735012825827
0,0.368473333751598
0,0.209588085602649
0,0.223380821572082
0,0.855793167312717
0,0.0716172578368415
0,0.927258799279828
0,0.862242411540088
0,0.144712170971351
0,0.411600117304311
0,0.106731562417924
0,0.156206848648592
0,0.480377118111057
0,0.763908147859664
0,0.124892624784058
0,0.0159871019117292
0,0.413739106124273
0,0.178903636392728
0,0.833301013309316
0,0.669267548519378
0,0.0518702148806077
0,0.0437446065273136
0,0.74815390837872
0,0.155279377537216
0,0.62027837960858
0,0.544638641166787
0,0.0793814195277733
0,0.0382423451377838
0,0.840489854282395
0,0.0876727152759824
0,0.083647774192297
0,0.0426792196207942
0,0.108913226254868
0,0.128248796708879
0,0.802324801025883
0,0.0625214049696637
0,0.617344641522525
0,0.0274727283430593
0,0.257319136448753
0,0.0148060106135131
0,0.4641046159479
0,0.379152581742123
0,0.175734447113843
0,0.0116445943502923
0,0.0141113089851678
0,0.705738111346091
0,0.422552941054002
0,0.166714182947032
0,0.203615291149084
0,0.647634298082896
0,0.259859675451648
0,0.730842976447254
0,0.400943111092966
0,0.817396786347669
0,0.651667427281533
0,0.743189564450962
0,0.227116102774557
0,0.0468166261336432
0,0.872866959857493
0,0.795776352680123
0,0.205826548297686
0,0.84682774354072
0,0.323504245331225
0,0.0239692548606513
0,0.580554077489711
0,0.869795415618577
0,0.168057595134238
0,0.178538729191751
0,0.0493301227385939
0,0.0150462887530998
0,0.597269717729154
0,0.0132214713098523
0,0.434639717369242
0,0.0159871019117292
0,0.827384055969314
0,0.723321504026621
0,0.617774427481031
0,0.246913933929947
0,0.116053583303571
0,0.793137094394157
0,0.0960917137838672
0,0.393946694940782
0,0.60896052689871
0,0.140187087607411
0,0.0451085747812132
0,0.0308016563170142
0,0.120313192404897
0,0.131943034856193
0,0.343160380597687
0,0.659093681180266
0,0.194674932942541
0,0.265287331284375
0,0.491796012267307
0,0.899630837961032
0,0.0148505381926733
0,0.0541109149072372
0,0.510867634323667
0,0.063455446620731
0,0.660681838834693
0,0.282730674211003
0,0.567599597762394
0,0.0381478915052736
0,0.384691552653525
0,0.330255595557046
0,0.13514414207268
0,0.0554508608795942
0,0.729631682903678
0,0.224634552558694
0,0.633895289024307
0,0.170719926738402
0,0.703497431416026
0,0.506602736365526
0,0.762330251859183
0,0.0458926553184492
0,0.00795421918399875
0,0.170501607240207
0,0.0213818320689819
0,0.497741576151682
0,0.164733215215047
0,0.50290082960927
0,0.276627421748385
0,0.0158519024177592
0,0.779982567964108
0,0.149892352599521
0,0.454545613408929
0,0.0295903787485869
0,0.194398725601444
0,0.0664760041526157
0,0.0535817855101508
0,0.232671872807531
0,0.639826469895153
0,0.542047800964332
0,0.0122688698741066
0,0.537457287589114
0,0.202539911148689
0,0.0745466912383166
0,0.413733987992603
0,0.0111635398677772
0,0.0962289146223903
0,0.0930229930091657
0,0.348323755057283
0,0.0505891610483595
0,0.0139190677584861
0,0.137964349386235
0,0.652594804812217
0,0.243983130462861
0,0.319960473781955
0,0.70708578833001
0,0.548916321103183
0,0.119985068718106
0,0.0192573020619431
0,0.120894648218433
0,0.597476052505193
0,0.0504824844416615
0,0.624567509772105
0,0.0191091487634138
0,0.60231611956234
0,0.456262337647263
0,0.134985158977218
0,0.799126957568651
0,0.362128088657263
0,0.0101476716008993
0,0.581741326436685
0,0.107600694314669
0,0.883569131762655
0,0.622145916932381
0,0.280797910623914
0,0.0278819072684893
0,0.0862932199067312
0,0.0104948452806049
0,0.470207702523866
0,0.0418588592714863
0,0.0175777072894269
0,0.724182307151101
0,0.0150462887530998
0,0.214970881367055
0,0.0185832564536341
0,0.491523726660107
0,0.499467330732159
0,0.590479699468428
0,0.268652256633229
0,0.165800631582179
0,0.0184231995616833
0,0.759192240651883
0,0.826241316451475
0,0.492402933539026
0,0.0413531406093086
0,0.558488772436248
0,0.514047147272588
0,0.083073706284019
0,0.0470172009758366
0,0.098570230044013
0,0.664700056187942
0,0.026837010279369
0,0.0981865331296628
0,0.222780715400535
0,0.156672393765923
0,0.403694680944867
0,0.0635661921789731
0,0.622145916932381
0,0.123832865038391
0,0.0699081311745372
0,0.32344147333021
0,0.01766469107077
0,0.31139884355307
0,0.172872017263208
0,0.130508258022368
0,0.342013516285595
0,0.544638641166787
0,0.73846562929392
0,0.0954322665014491
0,0.41073084832317
0,0.0356648815752682
0,0.328515473062127
0,0.767163309120428
0,0.0313281388472411
0,0.375144956345917
0,0.110238111349629
0,0.293378727690637
0,0.643670341162975
0,0.0648417722568043
0,0.689350501309898
0,0.0196803243759297
0,0.0644616264609512
0,0.270370038835413
0,0.825685562287182
0,0.0447496562882159
0,0.422863757871314
0,0.0308314312094575
0,0.82383357075231
0,0.305137378302025
0,0.0461981258025252
0,0.390171058550346
0,0.0255617858600741
0,0.261768786041243
0,0.41633107358188
0,0.907902009295224
0,0.210701246654139
0,0.0915482083787645
0,0.165763871829552
0,0.506602736365526
0,0.183934204637089
0,0.88483035288437
0,0.932390396373537
0,0.341486151756735
0,0.921241565201752
0,0.737299143935981
0,0.629358723686724
0,0.785566039349197
0,0.301692682021876
0,0.0281993124856407
0,0.0120215292208055
0,0.0234525106030711
0,0.243908353718185
0,0.571032418071673
0,0.0203457808186445
0,0.0439544968121479
0,0.00817558449715263
0,0.571823455320841
0,0.364842748477236
0,0.882526454364432
0,0.210701246654139
0,0.371277177215219
0,0.163697576878485
0,0.162531674691995
0,0.432612396477661
0,0.0487595727820705
0,0.287267395314282
0,0.822889481883034
0,0.106590000606836
0,0.117975740142951
0,0.22469568913993
0,0.720247647439346
0,0.0105809127627536
0,0.186194039663282
0,0.134357541918244
0,0.0302272735014904
0,0.519698907041658
0,0.560535477203076
0,0.0682898770716436
0,0.782469708764185
0,0.00974890723976401
0,0.593664222530071
0,0.429043703411184
0,0.065236417333573
0,0.212806986068153
0,0.112633829038198
0,0.025706244956481
0,0.048338660992238
0,0.0451127881485417
0,0.291512294442291
0,0.710773075123678
0,0.359627165052803
0,0.835112892137839
0,0.0557443541418414
0,0.150229644142199
0,0.745470816253656
0,0.899513497730897
0,0.223248014966093
0,0.0166223716541593
0,0.859387170758905
0,0.177953406563261
0,0.117743312928222
0,0.400419051186309
0,0.1830777011801
0,0.525643940873839
0,0.00900061844676573
0,0.32344147333021
0,0.0308253029187186
0,0.729858928485324
0,0.0710023616606788
0,0.128239098799163
0,0.863694546663249
0,0.82910121972749
0,0.523888186443868
0,0.135449875344143
0,0.0439544968121479
0,0.699073816010538
0,0.255741091455248
0,0.0850070275359909
0,0.824962709041363
0,0.0915482083787645
0,0.744174466321617
0,0.190578756796482
0,0.101005436346604
0,0.680198269057694
0,0.789332480930842
0,0.0147782658744195
0,0.0148263414192881
0,0.0275309303795112
0,0.347656387232939
0,0.653805068659575
0,0.0708340776959926
0,0.828920012533795
0,0.673803690425398
0,0.574005619399101
0,0.0275309303795112
0,0.271820595316387
0,0.413739106124273
0,0.454227097093768
0,0.307660850793197
0,0.450452107229822
0,0.0886192292377816
0,0.208734046348731
0,0.150057064301675
0,0.0402613268936292
0,0.0259257469708699
0,0.417519792286211
0,0.795225443785206
0,0.577172692398279
0,0.570022142613278
0,0.667160096872546
0,0.042418626661522
0,0.503377527753118
0,0.380554259349386
0,0.0391938867291295
0,0.812434522182065
0,0.0412129797776495
0,0.563666015559043
0,0.016784171762754
0,0.417408128311521
0,0.69635991335221
0,0.0203372637473818
0,0.520628954870753
0,0.178328925996035
0,0.156016611731239
0,0.00817421305225255
0,0.759192240651883
0,0.0485794633017563
0,0.261749838940515
0,0.471648978130505
0,0.0633845924186142
0,0.55905011312841
0,0.224001582093986
0,0.380309626190041
0,0.010825712670638
0,0.845872394721791
0,0.643879805554333
0,0.337389667142139
0,0.267605656755771
0,0.116798963470138
0,0.161231425274666
0,0.259182904925104
0,0.27484323025385
0,0.343964006163178
0,0.35037102386877
0,0.0245398847844362
0,0.224634552558694
0,0.32139847145822
0,0.110824926948676
0,0.192986228498685
0,0.0242008356013673
0,0.209449639606187
0,0.676226593450973
0,0.180794098433772
0,0.316643089924632
0,0.0353531005255188
0,0.0254499079961938
0,0.467721475375601
0,0.0396394775126634
0,0.770633711814412
0,0.717808355039674
0,0.779982567964108
0,0.128392601394622
0,0.106731562417924
0,0.890221785930212
0,0.389411252891561
0,0.0802308385259728
0,0.17237075721532
0,0.202082047846211
0,0.693705380396603
0,0.782469708764185
0,0.808984383773219
0,0.0302149385831248
0,0.841937642226949
0,0.106664897488436
0,0.218520479833545
0,0.183370413777705
0,0.0818581936261801
0,0.166198602638039
0,0.404541814017088
0,0.045532500891468
0,0.318129307291971
0,0.127845175362332
0,0.270846043822532
0,0.0650696688559718
0,0.650314177678629
0,0.227260725187149
0,0.0390876825935959
0,0.70747162289434
0,0.336699297536266
0,0.432612396477661
0,0.178328925996035
0,0.0253480055428314
0,0.0079409748898772
0,0.356418851210405
0,0.819351698573878
0,0.482786922488641
0,0.0798750429129857
0,0.194446679954413
0,0.17237075721532
0,0.0126018924901858
0,0.0420851621747603
0,0.01225834913152
0,0.0818581936261801
0,0.050398924247272
0,0.305722402240012
0,0.151343044266059
0,0.52686753002871
0,0.69569840386331
0,0.467721475375601
0,0.0784343772642781
0,0.032424008977105
0,0.400372052765032
0,0.014738711306172
0,0.0794275553233137
0,0.0358940150253722
0,0.836995937736148
0,0.650042629581912
0,0.202539911148689
0,0.313052586954087
0,0.406473758972982
0,0.153250487030903
0,0.0504824844416615
0,0.156206848648592
0,0.342059773172587
0,0.713707671759895
0,0.371277177215219
0,0.597476052505193
0,0.432865663796624
0,0.731612095018461
0,0.0350467858452042
0,0.202909391981709
0,0.519430519401042
0,0.144520586569274
0,0.112661573093003
0,0.295193627132809
0,0.0501825574418655
0,0.124853403034915
0,0.516180593478631
0,0.801108471465205
0,0.402479350026209
0,0.00688765660997332
0,0.0406140215634635
0,0.0278469736509181
0,0.190578756796482
0,0.598970198999367
0,0.463169421574871
0,0.353892340924076
0,0.0120215292208055
0,0.151592256641991
0,0.281408785716309
0,0.243922126493107
0,0.666544887296952
0,0.366583234213274
0,0.072821445097056
0,0.288570917315702
0,0.921241565201752
0,0.310802266121892
0,0.026171529303718
0,0.417408128311521
0,0.0120322553622471
0,0.743189564450962
0,0.422534954942385
0,0.679965101840745
0,0.252198431699901
0,0.0981865331296628
0,0.0233966213907436
0,0.823909126282367
0,0.557781085000026
0,0.327344589563026
0,0.395946587132384
0,0.332491304397049
0,0.170706073981448
0,0.0171750899676446
0,0.238350194536663
0,0.330255595557046
0,0.723022303511033
0,0.195964691317568
0,0.827426436535281
0,0.00755019355537988
0,0.340924969940006
0,0.281408785716309
0,0.433126320271705
0,0.166808202020087
0,0.699073816010538
0,0.866501781634558
0,0.0532921590759093
0,0.198742837295951
0,0.201763573518963
0,0.019732499256019
0,0.165328788854595
0,0.380554259349386
0,0.685121129842444
0,0.22886049324985
0,0.0894408969290519
0,0.30618296928057
0,0.0531837989985834
0,0.0270896857372979
0,0.0962033741160613
0,0.839204972530323
0,0.295275281709466
0,0.535172182773408
0,0.0635661921789731
0,0.140580358911532
0,0.381469452334769
0,0.474069172842493
0,0.267994972081286
0,0.148608703828016
0,0.0842047264446728
0,0.379152581742123
0,0.332984427275721
0,0.016952813573457
0,0.113794716393128
0,0.19271439529058
0,0.0504945909508624
0,0.0738769438299082
0,0.0407386768640672
0,0.763246376813565
0,0.026837010279369
0,0.190578756796482
0,0.135449875344143
0,0.0554508608795942
0,0.902318206544109
0,0.0127456665231149
0,0.180785883761764
0,0.202082047846211
0,0.0107343905697085
0,0.31230485694912
0,0.0664467861015472
0,0.516374149667892
0,0.499884855331921
0,0.0203457808186445
0,0.234151424104988
0,0.74815390837872
0,0.4217049659204
0,0.0349870001713642
0,0.0151386066541538
0,0.884848005139282
0,0.206435840153425
0,0.81175416277954
0,0.793137094394157
0,0.116275917263238
0,0.130033690423089
0,0.574128448669775
0,0.646006534253216
0,0.0560718250514509
0,0.555051879465597
0,0.541650530277281
0,0.203615291149084
0,0.0396394775126634
0,0.0555774893028778
0,0.760533927633978
0,0.490807024785137
0,0.353905680256799
0,0.0250131505103104
0,0.234220096505295
0,0.0371934243379766
0,0.474645487613209
0,0.633895289024307
0,0.0239927395237899
0,0.706123716868855
0,0.182122453571391
0,0.0358862533841106
0,0.045753749676769
0,0.083128804175714
0,0.0733658076751086
0,0.742248655152801
0,0.0252098329286477
0,0.490513095061261
0,0.528989266421617
0,0.371277177215219
0,0.590479699468428
0,0.00938567846166396
0,0.693715658216716
0,0.542047800964332
0,0.0412129797776495
0,0.0724475107343105
0,0.250966034737404
0,0.636083784365689
0,0.233370883526867
0,0.324157982105125
0,0.026274008918991
0,0.311897406013929
0,0.739495783591001
0,0.0702784146788116
0,0.0164191871962227
0,0.143066122110125
0,0.722343587143488
0,0.028884698344424
0,0.12239739047956
0,0.0340661775780901
0,0.0932067093882096
0,0.417886506305474
0,0.19972049486843
0,0.261768786041243
0,0.356418851210405
0,0.0181314890436887
0,0.743189564450962
0,0.278191323885933
0,0.0268785904751638
0,0.0451127881485417
0,0.549396273313572
0,0.0710023616606788
0,0.106951397689727
0,0.810563593655412
0,0.144991144274324
0,0.0755840205991723
0,0.246913933929947
0,0.285926806393713
0,0.549171820108444
0,0.016952813573457
0,0.0485794633017563
0,0.327344589563026
0,0.823909126282367
0,0.520628954870753
0,0.61763529908214
0,0.241744230647216
0,0.175896104026827
0,0.480026974026447
0,0.0720810209599904
0,0.289906490170596
0,0.777933477858711
0,0.0412129797776495
0,0.706728084524023
0,0.162108073455645
0,0.338949514513365
0,0.457576838820546
0,0.0170206465447668
0,0.406473758972982
0,0.0435632758401129
0,0.685121129842444
0,0.0182981420076175
0,0.867648798713284
0,0.0200637514108198
0,0.406566404326867
0,0.0111563750421805
0,0.050398924247272
0,0.0234342026098005
0,0.203081526335279
0,0.311465741790094
0,0.14183809107421
0,0.300443685902794
0,0.791555651332441
0,0.552082912952713
0,0.350707290867823
0,0.227116102774557
0,0.924063157468468
0,0.0826133460877342
0,0.304480953535882
0,0.386342538537826
0,0.303776476286716
0,0.414282377746725
0,0.541650530277281
0,0.0333848754633632
0,0.254693323620247
0,0.427513558739308
0,0.0269117846160742
0,0.0133672768474473
0,0.249358144555885
0,0.664700056187942
0,0.0981865331296628
0,0.525643940873839
0,0.828920012533795
0,0.71457666795997
0,0.700740889442497
0,0.0407920013230272
0,0.809675659059888
0,0.281408785716309
0,0.348530582597681
0,0.833301013309316
0,0.125224612928108
0,0.39347999729222
0,0.752455347145677
0,0.0146703991048064
0,0.52686753002871
0,0.0339139266707521
0,0.0349870001713642
0,0.0786228279586671
0,0.297879854137443
0,0.0159871019117292
0,0.194473757580816
0,0.0132611882622589
0,0.0141124077245434
0,0.156324919981067
0,0.0274727283430593
0,0.650042629581912
0,0.480377118111057
0,0.0761833295217999
0,0.106508938202385
0,0.239293825313793
0,0.100201075409779
0,0.0241715471251177
0,0.245127446750121
0,0.0658932701138168
0,0.739495783591001
0,0.129143902849719
0,0.513246937439647
0,0.326243921873207
0,0.294223982385606
0,0.3291399969585
0,0.332491304397049
0,0.660681838834693
0,0.108913226254868
0,0.0743043734991376
0,0.492678357536605
0,0.0487595727820705
0,0.656520797936397
0,0.752455347145677
0,0.413737788908007
0,0.0181314890436887
0,0.456944106706826
0,0.509184090030401
0,0.519698907041658
0,0.43236207812094
0,0.839701606466528
0,0.903278876765058
0,0.668099318496908
0,0.332984427275721
0,0.438174941417674
0,0.715390041083791
0,0.042864477206337
0,0.280797910623914
0,0.0745778340075811
0,0.466064731561805
0,0.661319950417605
0,0.0519128597878928
0,0.712076207063774
0,0.250655685685246
0,0.508676412783057
0,0.465534070792848
0,0.258183876850323
0,0.0877391123002031
0,0.856339100682829
0,0.0252098329286477
0,0.835112892137839
0,0.258183876850323
0,0.454545613408929
0,0.180794098433772
0,0.0168782111844893
0,0.0930469666350822
0,0.0428651674211355
0,0.852905201586498
0,0.180794098433772
0,0.862010225643169
0,0.243145099801317
0,0.387256374071135
0,0.340491691395714
0,0.1830777011801
0,0.793593962501075
0,0.189777994837988
0,0.110986131484863
0,0.173135253326506
0,0.406955884218059
0,0.767063268260884
0,0.552382604539804
0,0.0251491915435454
0,0.0528507487604454
0,0.689538788467299
0,0.209731598468211
0,0.0315158869667993
0,0.226576688253375
0,0.518239969348496
0,0.809675659059888
0,0.593105546015901
0,0.0120215292208055
0,0.0915482083787645
0,0.028884698344424
0,0.347656387232939
0,0.665387470292685
0,0.0406140215634635
0,0.00642855215314681
0,0.00880917097740264
0,0.0865458477170298
0,0.725956087822359
0,0.508241248868686
0,0.672083534860226
0,0.166198602638039
0,0.0240956994583899
0,0.117592732184899
0,0.0183779329925176
0,0.156016611731239
0,0.0139190677584861
0,0.0149296495223147
0,0.2896864861213
0,0.283689069268133
0,0.450452107229822
0,0.341807201787328
0,0.0973427897367482
0,0.0358940150253722
0,0.732895198423059
0,0.0350011277031082
0,0.869884114043263
0,0.8481443266912
0,0.165534372944613
0,0.493433691273346
0,0.109542065554971
0,0.128239098799163
0,0.115350463333807
0,0.0729046453358737
0,0.0329298200605325
0,0.431702750355205
0,0.117917160878189
0,0.538445279261647
0,0.0528677394329518
0,0.202909391981709
0,0.457990519878531
0,0.544638641166787
0,0.0625715484269929
0,0.460989595619927
0,0.394928893191602
0,0.812434522182065
0,0.471714561972289
0,0.229316499344707
0,0.457083467003701
0,0.183934204637089
0,0.337389667142139
0,0.862010225643169
0,0.0708340776959926
0,0.0887023306350507
0,0.0163325712933192
0,0.706123716868855
0,0.224001582093986
0,0.445041445735346
0,0.0211686845504106
0,0.165437561169865
0,0.0119578759565337
0,0.0303457956620939
0,0.107187710806477
0,0.0213384503831344
0,0.0308314312094575
0,0.57520237750776
0,0.689538788467299
0,0.0361812040967521
0,0.482349993112229
0,0.0651338232937429
0,0.724182307151101
0,0.00823559319817449
0,0.110142086646649
0,0.499747085513114
0,0.0111635398677772
0,0.199990858317848
0,0.135634140081325
0,0.552082912952713
0,0.0353446712647961
0,0.228151231044537
0,0.617344641522525
0,0.77543352422055
0,0.15299398240256
0,0.292235377480894
0,0.108913226254868
0,0.0831219650804265
0,0.402330409380991
0,0.0435632758401129
0,0.413929482272114
0,0.256987783626952
0,0.7758936890296
0,0.575200297459241
0,0.0406140215634635
0,0.237169523110703
0,0.442605127511578
0,0.725956087822359
0,0.0512028368384514
0,0.57520237750776
0,0.702849128876285
0,0.786753330955451
0,0.308476714729843
0,0.3494866016568
0,0.0485975003016116
0,0.221621076204293
0,0.737299143935981
0,0.270846043822532
0,0.174231431712524
0,0.629903175695648
0,0.239488790058394
0,0.321899646399616
0,0.336145827642853
0,0.172285379124817
0,0.0745778340075811
0,0.122656737905335
0,0.0141113089851678
0,0.0683567928716713
0,0.609390369280845
0,0.369881593501088
0,0.0159731667012051
0,0.0569739638281207
0,0.364502981457712
0,0.849340125807272
0,0.110824926948676
0,0.677333458066765
0,0.070038294782422
0,0.0432802925485091
0,0.0361452284129615
0,0.00823559319817449
0,0.0211042590263503
0,0.0120322553622471
0,0.675089030381557
0,0.308386538764469
0,0.0555774893028778
0,0.248271190592577
0,0.841821704550792
0,0.252198431699901
0,0.162681885392793
0,0.0677703764305167
0,0.0761369315291558
0,0.433126320271705
0,0.767010200996048
0,0.211449165481601
0,0.411422574639109
0,0.017868666847037
0,0.57543197220192
0,0.340491691395714
0,0.0650696688559718
0,0.0172617052006706
0,0.332491304397049
0,0.193315923688929
0,0.0412129797776495
0,0.746762989217714
0,0.138844132639548
0,0.0294859957038383
0,0.177253588273491
0,0.824040512983597
0,0.143615360947446
0,0.361558824235755
0,0.0664467861015472
0,0.175230164284523
0,0.45566870199512
0,0.0242597192345727
0,0.095818918410169
0,0.578092199186655
0,0.720247647439346
0,0.311842547169483
0,0.412623232668085
0,0.019093584149935
0,0.096200422449072
0,0.432612396477661
0,0.260740631479522
0,0.451542653148719
0,0.535172182773408
0,0.622145916932381
0,0.104535242137756
0,0.380453493035866
0,0.471648978130505
0,0.838241242510662
0,0.112101213569969
0,0.183035454646343
0,0.276870920185621
0,0.17066413745798
0,0.0763045176663212
0,0.0277754623518451
0,0.0370408396003965
0,0.0147782658744195
0,0.664280653087505
0,0.28304091537317
0,0.0718848528589043
0,0.0461981258025252
0,0.00793767068142869
0,0.199990858317848
0,0.32344147333021
0,0.0810997459231131
0,0.143133955522408
0,0.170501607240207
0,0.0110116882134509
0,0.083647774192297
0,0.469733144206746
0,0.00844058519807413
0,0.0381020387430852
0,0.752455347145677
0,0.0664467861015472
0,0.258269135522318
0,0.43236207812094
0,0.174025963778404
0,0.699073816010538
0,0.311429546167279
0,0.0382423451377838
0,0.072821445097056
0,0.0980957437885694
0,0.156268951140103
0,0.322162186993344
0,0.190748728967524
0,0.33410152802356
0,0.341807201787328
0,0.894415887432398
0,0.827902045671015
0,0.519496112924665
0,0.704255780232849
0,0.109542065554971
0,0.255741091455248
0,0.0699081311745372
0,0.158147662980059
0,0.203461160757992
0,0.0324867381567382
0,0.515712686135505
0,0.160234037344254
0,0.0718848528589043
0,0.323090474427982
0,0.763246376813565
0,0.0121683742223519
0,0.0506361978184627
0,0.235049312738681
0,0.0349870001713642
0,0.20727996513111
0,0.836197471627343
0,0.516374149667892
0,0.0845604891437608
0,0.0458926553184492
0,0.430831295708007
0,0.0366920952002963
0,0.45691007782033
0,0.499848178763823
0,0.474069172842493
0,0.505068490039493
0,0.103361496187287
0,0.0842047264446728
0,0.167847944581368
0,0.0607813140757549
0,0.843249591179748
0,0.5484184695075
0,0.629710909381007
0,0.174735490658482
0,0.173135253326506
0,0.0136755011516406
0,0.406615551157154
0,0.222780715400535
0,0.0148505381926733
0,0.508610855971995
0,0.0737088228648701
0,0.471648978130505
0,0.639826469895153
0,0.0746901052670918
0,0.44934986904627
0,0.693705380396603
0,0.548571158406429
0,0.00880917097740264
0,0.0531837989985834
0,0.322893212568517
0,0.105007432589395
0,0.688797046871794
0,0.0727020926794076
0,0.0248513847638614
0,0.288276336949146
0,0.0240757522909622
0,0.0888444103760596
0,0.660681838834693
0,0.371277177215219
0,0.65308531000749
0,0.882526454364432
0,0.0141815853893286
0,0.0158519024177592
0,0.210084905339898
0,0.890254300490723
0,0.767837293136252
0,0.366238890425998
0,0.115014009107165
0,0.0850070275359909
0,0.242714858479919
0,0.511817385258231
0,0.537019850687775
0,0.143615360947446
0,0.225507570186785
0,0.133426531297717
0,0.019093584149935
0,0.625092667548438
0,0.514047147272588
0,0.170501607240207
0,0.777321766408486
0,0.709442603693143
0,0.639866939964451
0,0.746762989217714
0,0.174497581652462
0,0.783116805458047
0,0.0245733660610196
0,0.617293142938226
0,0.23603270239438
0,0.293378727690637
0,0.801108471465205
0,0.823909126282367
0,0.163697576878485
0,0.128475579484482
0,0.0192444911282664
0,0.457990519878531
0,0.0400771733032717
0,0.699073816010538
0,0.0175777072894269
0,0.0670604122851469
0,0.336145827642853
0,0.0210605793557053
0,0.482786922488641
0,0.799877562534722
0,0.0494526364183657
0,0.427513558739308
0,0.174025963778404
0,0.194398725601444
0,0.0171327191225491
0,0.0497718032641361
0,0.128868820331857
0,0.70708578833001
0,0.281408785716309
0,0.52415510089354
0,0.0506361978184627
0,0.146811697166692
0,0.237169523110703
0,0.395946587132384
0,0.812434522182065
0,0.041975069452161
0,0.146012338141103
0,0.107648529602001
0,0.380554259349386
0,0.0136920239645622
0,0.0847152081476904
0,0.0177078825547382
0,0.224816967563318
0,0.148608703828016
0,0.0140347335335807
0,0.0512055389145114
0,0.013598155912263
0,0.177036868959278
0,0.042160980694027
0,0.178328925996035
0,0.0463761950612216
0,0.441317573241916
0,0.445480506477444
0,0.283870831262911
0,0.0193941384336345
0,0.208220556726163
0,0.438503804505973
0,0.719129817678967
0,0.310212340554517
0,0.0199164295641206
0,0.32343567404206
0,0.0302515291363039
0,0.398280553814819
0,0.0170206465447668
0,0.0670604122851469
0,0.257805463428468
0,0.0127456665231149
0,0.477244522723676
0,0.489306842275568
0,0.370799955285588
0,0.0501321823611408
0,0.377465651404559
0,0.2878305858796
0,0.0842806132048913
0,0.13518864895813
0,0.00793767068142869
0,0.471714561972289
0,0.282730674211003
0,0.0940613864730384
0,0.580554077489711
0,0.132580550456462
0,0.667933791553628
0,0.551175993770018
0,0.0129585542714036
0,0.0215799238688755
0,0.0302515291363039
0,0.0989088905944265
0,0.681706704544569
0,0.619376954875834
0,0.8388714116355
0,0.182122453571391
0,0.732791337994182
0,0.0959930713548475
0,0.132268485497611
0,0.497741576151682
0,0.546046183303636
0,0.568255799562551
0,0.211792686184839
0,0.0930229930091657
0,0.538445279261647
0,0.400419051186309
0,0.351670215395202
0,0.311897406013929
0,0.0885348922568885
0,0.886683869753519
0,0.0770606119437209
0,0.0932067093882096
0,0.32343567404206
0,0.251597566687739
0,0.0358226575703474
0,0.247297037967083
0,0.263413413649176
0,0.839750516287578
0,0.593611878757511
0,0.134639175960952
0,0.127649351967857
0,0.710053602083794
0,0.267994972081286
0,0.015161525844278
0,0.2896864861213
0,0.249358144555885
0,0.0308253029187186
0,0.0456162210844365
0,0.0370408396003965
0,0.340924969940006
0,0.0136732649833108
0,0.137964349386235
0,0.134559566970529
0,0.115377062676668
0,0.869884114043263
0,0.0105580112641039
0,0.0825890610509565
0,0.063455446620731
0,0.141476591953451
0,0.0329298200605325
0,0.018205270166185
0,0.0392822489407953
0,0.23497010966781
0,0.886683869753519
0,0.743189564450962
0,0.685121129842444
0,0.175230164284523
0,0.257610927288792
0,0.144092091141624
0,0.475536983411826
0,0.648136434636378
0,0.0932067093882096
0,0.130582714071876
0,0.197013203253449
0,0.0281993124856407
0,0.341807201787328
0,0.0269057108902156
0,0.0543059575434354
0,0.548571158406429
0,0.843249591179748
0,0.148143421541141
0,0.223521939216254
0,0.359326461800236
0,0.137964349386235
0,0.0894408969290519
0,0.809675659059888
0,0.43236207812094
0,0.14277370527547
0,0.471648978130505
0,0.516547083009494
0,0.0381478915052736
0,0.477308818810364
0,0.393752779841394
0,0.14619139905332
0,0.191862314693084
0,0.175896104026827
0,0.0115000885075179
0,0.416615493912832
0,0.455415652028999
0,0.0240176953053636
0,0.675089030381557
0,0.457563117769722
0,0.0174266649426732
0,0.0286764439314767
0,0.671084697825312
0,0.577334093395065
0,0.138661283729098
0,0.314582259908693
0,0.291512294442291
0,0.0166223716541593
0,0.0152147322232459
0,0.117953479738216
0,0.096206785799082
0,0.223521939216254
0,0.520275548814625
0,0.0337760339826494
0,0.0121683742223519
0,0.498940711858226
0,0.0224315061443993
0,0.11759931410913
0,0.701138729306604
0,0.0388395704971346
0,0.732895198423059
0,0.270370038835413
0,0.332276530274474
0,0.851207334622827
0,0.0315158869667993
0,0.256000392395218
0,0.445809203338426
0,0.14173730551246
0,0.48360866571822
0,0.508746780721023
0,0.01766469107077
0,0.177253588273491
0,0.0141113089851678
0,0.0079409748898772
0,0.311072280942219
0,0.270846043822532
0,0.0396394775126634
0,0.866501781634558
0,0.311072280942219
0,0.307660850793197
0,0.307660850793197
0,0.841937642226949
0,0.55155579915467
0,0.197418680621578
0,0.442218004657512
0,0.652778397952186
0,0.253765802378364
0,0.670030295799686
0,0.441188947819921
0,0.302225902533195
0,0.421017249741351
0,0.031297861083411
0,0.0456162210844365
1,0.788519812192684
1,0.251378529220392
1,0.315290294763461
1,0.467852059000348
1,0.495047236241478
1,0.65455164415576
1,0.441229310357466
1,0.788167290388254
1,0.55307903247253
1,0.693513805272803
1,0.209942775803609
1,0.402860500909454
1,0.910483162943004
1,0.626561516731209
1,0.262659722842182
1,0.587146177382547
1,0.885695211020519
1,0.719248661357901
1,0.706766069672857
1,0.733035430805405
1,0.767587829801323
1,0.824205281571618
1,0.587371023662782
1,0.190010536335638
1,0.695149860408571
1,0.370580602665925
1,0.895867407327402
1,0.431108682148546
1,0.856255351258826
1,0.8737791673976
1,0.848221171762806
1,0.873847449934127
1,0.485277761071827
1,0.625564950890711
1,0.835822462777143
1,0.825032111438389
1,0.0166244067508626
1,0.914922083889735
1,0.422135381589375
1,0.796546729711042
1,0.77675108379844
1,0.676712929486312
1,0.790612027795308
1,0.776906173247007
1,0.781784695744902
1,0.370928822841873
1,0.841633347584694
1,0.799498346996603
1,0.861245356217778
1,0.772844114788633
1,0.765410658995078
1,0.45444166263852
1,0.910483162943004
1,0.878961101004114
1,0.802849616364229
1,0.899861520071248
1,0.603164972744928
1,0.654190612828899
1,0.782573414160538
1,0.831892483787655
1,0.751004187062485
1,0.370928822841873
1,0.227596804233579
1,0.153334002026249
1,0.644141837218741
1,0.871416760201967
1,0.754348109598933
1,0.546771245059711
1,0.906085867562506
1,0.781784695744902
1,0.780166276306241
1,0.712509919102855
1,0.832723070996997
1,0.629172305112523
1,0.722660511284339
1,0.867124806863368
1,0.93694599771605
1,0.556445267682307
1,0.429179480753812
1,0.912162248370792
1,0.692828020716062
1,0.60665851790486
1,0.882729305074374
1,0.173000509980862
1,0.829641832694855
1,0.719059353419054
1,0.710395805545992
1,0.741657340216529
1,0.768188041574098
1,0.922592057376553
1,0.756393139016277
1,0.370928822841873
1,0.643828488424491
1,0.915098740055067
1,0.691185304246588
1,0.893862798570262
1,0.939327146972306
1,0.749350742481313
1,0.921560886640162
1,0.756393139016277
1,0.422135381589375
1,0.410652956264066
1,0.68976506923321
1,0.531356566174795
1,0.919137694862347
1,0.797805269807483
1,0.822139232857467
1,0.73609020294436
1,0.330177090092894
1,0.542930766476131
1,0.877881239021184
1,0.737233334005652
1,0.799117900848364
1,0.892650918852724
1,0.407224116286631
1,0.905910634754111
1,0.691185304246588
1,0.120774976700244
1,0.275220227631528
1,0.61571301685506
1,0.817368331550516
1,0.830477734808527
1,0.444598217357202
1,0.521377952313005
1,0.313859366271513
1,0.542557745539063
1,0.706423293382369
1,0.663688962845579
1,0.77675108379844
1,0.776906173247007
1,0.738684682551537
1,0.8341965464913
1,0.0932407495922752
1,0.789305969333658
1,0.469001352587554
1,0.676712929486312
1,0.855661586937826
1,0.60661159295535
1,0.285552014731234
1,0.420062954463935
1,0.454054318110221
1,0.799117900848364
1,0.838392061323272
1,0.370928822841873
1,0.804844319649727
1,0.737233334005652
1,0.869471707802219
1,0.654190612828899
1,0.902955338927712
1,0.803177873567179
1,0.788519812192684
1,0.6373006918072
1,0.779319729921018
1,0.762272997714559
1,0.821296920806071
1,0.815225588059837
1,0.889755486302054
1,0.0799618451977707
1,0.662693624297908
1,0.849771657328184
1,0.840659686203414
1,0.819712347960826
1,0.829637168422067
1,0.67404752968489
1,0.654190612828899
1,0.893384278675291
1,0.719059353419054
1,0.900839683534067
1,0.620968925171377
1,0.452062047840042
1,0.681354495828625
1,0.836460910442054
1,0.809100984310371
1,0.592700256502108
1,0.322231698807973
1,0.82837606881931
1,0.901428493657395
1,0.728090413655961
1,0.738754746290812
1,0.862314669878392
1,0.77074562708095
1,0.885105811844653
1,0.892650918852724
1,0.749750901799368
1,0.811572318511797
1,0.837670267335741
1,0.900042156696667
1,0.546861939248815
1,0.657687572803964
1,0.774038583069598
1,0.693707247979605
1,0.877082770519242
1,0.395076646051221
1,0.950631216742993
1,0.200677305468897
1,0.85444762519293
1,0.938066804893663
1,0.298998877175844
1,0.77675108379844
1,0.420062954463935
1,0.341752985011048
1,0.226591978389669
1,0.443114937053918
1,0.897865636746191
1,0.779668563987038
1,0.603164972744928
1,0.577857262984172
1,0.69854007910241
1,0.725644307425134
1,0.556445267682307
1,0.850484252014182
1,0.912404683111119
1,0.860863037664191
1,0.885695211020519
1,0.881942741617391
1,0.823186907337562
1,0.587146177382547
1,0.848481462001226
1,0.750091190569331
1,0.923368225606386
1,0.790583880889056
1,0.441229310357466
1,0.836899415481442
1,0.912119406135037
1,0.54938529636537
1,0.278247315261626
1,0.711075413143564
1,0.546861939248815
1,0.524162024000771
1,0.902380494377999
1,0.853281348362795
1,0.765275717456624
1,0.892813403220707
1,0.227596804233579
1,0.786980011600376
1,0.882757619163278
1,0.783767051961125
1,0.874100945270599
1,0.827232471305461
1,0.862843842017099
1,0.869471707802219
1,0.737522328729339
1,0.881405395752111
1,0.650640592820108
1,0.634162204200048
1,0.819266637254677
1,0.0796119615403906
1,0.557322239492256
1,0.837515704858713
1,0.226591978389669
1,0.895639378832563
1,0.39495092753052
1,0.884366416700398
1,0.88343608620612
1,0.663235432776366
1,0.738754746290812
1,0.216333323106831
1,0.697817207106655
1,0.855731612176312
1,0.626561516731209
1,0.815251000058844
1,0.877757257146591
1,0.804301203977343
1,0.888218613314727
1,0.365988069451806
1,0.531356566174795
1,0.903585555731611
1,0.690235113708157
1,0.873847449934127
1,0.855686820700419
1,0.874309676514152
1,0.878961101004114
1,0.87500070646846
1,0.733035430805405
1,0.914665890083091
1,0.858256901032722
1,0.847344656125178
1,0.227596804233579
1,0.012830389254728
1,0.750109567926774
1,0.706423293382369
1,0.877881239021184
1,0.875622376537954
1,0.53799310151767
1,0.906387785422152
1,0.869715794828214
1,0.905838167565356
1,0.855773051762983
1,0.616216767207223
1,0.700623038640964
1,0.898140961408786
1,0.322231698807973
1,0.767587829801323
1,0.926728527633328
1,0.466973194584997
1,0.724752621181112
1,0.870737682471901
1,0.605849428182133
1,0.311795413067136
1,0.381863141808968
1,0.855773051762983
1,0.871416760201967
1,0.656487975070501
1,0.740371168114163
1,0.588962277852375
1,0.682207127482023
1,0.8737791673976
1,0.779668563987038
1,0.797805269807483
1,0.849771657328184
1,0.837515704858713
1,0.881871235799768
1,0.475185749657308
1,0.515633158621386
1,0.879636414422925
1,0.860863037664191
1,0.725831566830572
1,0.638420493618688
1,0.88513421488379
1,0.741617472594958
1,0.52057542149717
1,0.6121347732288
1,0.577909392647887
1,0.842376127858884
1,0.793422403701666
1,0.738754746290812
1,0.786980011600376
1,0.88545583099305
1,0.861239323301006
1,0.911542563886599
1,0.904828165931628
1,0.741657340216529
1,0.879220396003328
1,0.832003252761466
1,0.0135723566564714
1,0.877757257146591
1,0.82837606881931
1,0.372344935345674
1,0.564386529435744
1,0.708166702888915
1,0.452062047840042
1,0.525218412132244
1,0.772844114788633
1,0.839386880454199
1,0.861239323301006
1,0.900042156696667
1,0.796546729711042
1,0.857217208087407
1,0.848746788218279
1,0.861595508929438
1,0.714131082675814
1,0.867794799035223
1,0.0135723566564714
1,0.218138872760416
1,0.848070370517206
1,0.881016874760771
1,0.740371168114163
1,0.867794799035223
1,0.844271619224324
1,0.865709454740205
1,0.475557997624917
1,0.700623038640964
1,0.820096501754997
1,0.4229100260524
1,0.791053922169786
1,0.625088069693239
1,0.780941499074518
1,0.575688581712393
1,0.819266637254677
1,0.80613482944901
1,0.20311053909391
1,0.603548561891896
1,0.617195408879768
1,0.90093140227238
1,0.322415377453513
1,0.40487024049674
1,0.887854604582571
1,0.88867009681304
1,0.805673630087146
1,0.822113190091734
1,0.837515704858713
1,0.82906826662557
1,0.854819123550245
1,0.580220476969661
1,0.861397943734728
1,0.869471707802219
1,0.855731612176312
1,0.899932098582778
1,0.758339435785383
1,0.742435044043076
1,0.325900797712923
1,0.656487975070501
1,0.638062883823285
1,0.693336854964209
1,0.577857262984172
1,0.916383589193362
1,0.735017393521128
1,0.558145563277086
1,0.782744255868223
1,0.779668563987038
1,0.669856193383943
1,0.33050666387717
1,0.0263706040043137
1,0.114970066407364
1,0.395076646051221
1,0.802224099292757
1,0.848746788218279
1,0.885105811844653
1,0.740371168114163
1,0.881342232253897
1,0.012830389254728
1,0.523443538326756
1,0.865223054441665
1,0.795807901856361
1,0.888201518077262
1,0.922592057376553
1,0.584041203726388
1,0.713982219266328
1,0.749350742481313
1,0.836776144206011
1,0.67404752968489
1,0.908580940768746
1,0.663235432776366
1,0.549617818749115
1,0.674668426968083
1,0.929105408720442
1,0.782744255868223
1,0.6373006918072
1,0.626561516731209
1,0.485277761071827
1,0.349503453088584
1,0.270664705789555
1,0.670295598533406
1,0.91002357256067
1,0.911542563886599
1,0.816797846198281
1,0.824205281571618
1,0.546771245059711
1,0.902113553890553
1,0.761210170243779
1,0.748935203095861
1,0.841123593286618
1,0.713951781728705
1,0.560131557008023
1,0.733035430805405
1,0.603164972744928
1,0.483549272980671
1,0.875698270365271
1,0.285552014731234
1,0.845775375441518
1,0.730077219759528
1,0.0624113171501902
1,0.190010536335638
1,0.720751728846058
1,0.447861123493057
1,0.746592702177816
1,0.865693326827342
1,0.509446341653738
1,0.789305969333658
1,0.447861123493057
1,0.572674308463802
1,0.4229100260524
1,0.822139232857467
1,0.483549272980671
1,0.734936396254327
1,0.830477734808527
1,0.899902446430669
1,0.779645195747688
1,0.361318718451778
1,0.735017393521128
1,0.679386586150115
1,0.73609020294436
1,0.706766069672857
1,0.716918663540271
1,0.660247369922209
1,0.761785333902991
1,0.261692006253736
1,0.911163517335736
1,0.897865636746191
1,0.802224099292757
1,0.680890684047851
1,0.910279443722368
1,0.758047724501699
1,0.910483162943004
1,0.42722359884922
1,0.577857262984172
1,0.349503453088584
1,0.855773051762983
1,0.893384278675291
1,0.467405941241016
1,0.19153861943295
1,0.672055626997341
1,0.2425149369779
1,0.855731612176312
1,0.631293955776125
1,0.903994008385904
1,0.591689181875355
1,0.0799618451977707
1,0.831892483787655
1,0.707925223744189
1,0.883849757556691
1,0.849018304383582
1,0.42722359884922
1,0.781397224297443
1,0.802802919966976
1,0.737880577835946
1,0.87738217870149
1,0.77022976493926
1,0.699579909229944
1,0.939020320847688
1,0.696033164470463
1,0.779668563987038
1,0.693336854964209
1,0.80613482944901
1,0.890963749810555
1,0.419225291827399
1,0.904828165931628
1,0.856989617161019
1,0.39495092753052
1,0.111089652231149
1,0.841781279538167
1,0.242144129174191
1,0.912162248370792
1,0.40487024049674
1,0.307693846283981
1,0.557224028004281
1,0.765402586070593
1,0.475557997624917
1,0.881405395752111
1,0.816526207280675
1,0.567979157506533
1,0.856989617161019
1,0.855773051762983
1,0.725831566830572
1,0.468323258188164
1,0.0662311793841382
1,0.523443538326756
1,0.842285613053965
1,0.845109625403013
1,0.779319729921018
1,0.716918663540271
1,0.592181215575139
1,0.330177090092894
1,0.335687765127538
1,0.732438782823453
1,0.190010536335638
1,0.878961101004114
1,0.569509615693246
1,0.735017393521128
1,0.855773051762983
1,0.904470722274837
1,0.77074562708095
1,0.173713864844419
1,0.847243685752661
1,0.419335897251128
1,0.670376321510353
1,0.879636414422925
1,0.844271619224324
1,0.713951781728705
1,0.876156816491573
1,0.740371168114163
1,0.911542563886599
1,0.370928822841873
1,0.570549765874357
1,0.452062047840042
1,0.354418962482621
1,0.864697994654569
1,0.804579184305234
1,0.688693260205137
1,0.883500990616468
1,0.875641714022672
1,0.818551634644456
1,0.739438943740087
1,0.892813403220707
1,0.495047236241478
1,0.867794799035223
1,0.680890684047851
1,0.183747512965206
1,0.890239239513909
1,0.838858608960245
1,0.780941499074518
1,0.155340230134502
1,0.55307903247253
1,0.741617472594958
1,0.245782403220472
1,0.738754746290812
1,0.78330657728166
1,0.817368331550516
1,0.914798925543532
1,0.518674404089408
1,0.65455164415576
1,0.173000509980862
1,0.162890043907298
1,0.722660511284339
1,0.922731305364935
1,0.84625807763533
1,0.626895207210373
1,0.863908948692046
1,0.408470743426277
1,0.789652592750356
1,0.427486992284211
1,0.851609716615019
1,0.856989617161019
1,0.765136281523004
1,0.816797846198281
1,0.269353794019599
1,0.799117900848364
1,0.353687389938193
1,0.877881239021184
1,0.825445829386078
1,0.890731178205991
1,0.884366416700398
1,0.80613482944901
1,0.860863037664191
1,0.881774984152821
1,0.338848226219546
1,0.923893713156149
1,0.750091190569331
1,0.693707247979605
1,0.681354495828625
1,0.636894214583876
1,0.939020320847688
1,0.518210202816141
1,0.823186907337562
1,0.592181215575139
1,0.783680438896618
1,0.564386529435744
1,0.787352430572586
1,0.557224028004281
1,0.707925223744189
1,0.896357574538946
1,0.591689181875355
1,0.524162024000771
1,0.505080974978134
1,0.801720132946478
1,0.752051179310955
1,0.361807950448022
1,0.0166244067508626
1,0.725279919023107
1,0.905614720141986
1,0.863859489764986
1,0.752051179310955
1,0.890776200349444
1,0.713982219266328
1,0.746794136903872
1,0.724756704697293
1,0.531356566174795
1,0.848746788218279
1,0.758941265284042
1,0.685112367289222
1,0.696033164470463
1,0.73245488242168
1,0.878648589356262
1,0.254185358670731
1,0.911542563886599
1,0.911163517335736
1,0.190010536335638
1,0.787352430572586
1,0.637753930811944
1,0.707925223744189
1,0.559093152304396
1,0.88343608620612
1,0.370232516997519
1,0.626561516731209
1,0.845109625403013
1,0.837743328619347
1,0.886537198167183
1,0.854819123550245
1,0.85444762519293
1,0.569509615693246
1,0.610904724065687
1,0.515092695122117
1,0.662693624297908
1,0.375043695369142
1,0.831892483787655
1,0.841094398022505
1,0.617195408879768
1,0.875622376537954
1,0.278247315261626
1,0.375043695369142
1,0.772844114788633
1,0.860698394700063
1,0.824589603390794
1,0.738754746290812
1,0.760230487207302
1,0.610907478866871
1,0.849018304383582
1,0.752051179310955
1,0.804301203977343
1,0.62013539260601
1,0.690235113708157
1,0.155340230134502
1,0.596762880725592
1,0.518674404089408
1,0.218138872760416
1,0.924166535987108
1,0.592181215575139
1,0.84510428356854
1,0.617996401937185
1,0.916383589193362
1,0.881016874760771
1,0.737052833501536
1,0.692828020716062
1,0.865223054441665
1,0.822113190091734
1,0.901992085442647
1,0.567979157506533
1,0.876156816491573
1,0.690296118822203
1,0.900042156696667
1,0.84510428356854
1,0.817490081520869
1,0.901992085442647
1,0.896327518627417
1,0.370928822841873
1,0.882729305074374
1,0.876089997265421
1,0.781784695744902
1,0.8737791673976
1,0.423703386714666
1,0.914665890083091
1,0.432900276339962
1,0.656487975070501
1,0.910483162943004
1,0.822113190091734
1,0.155340230134502
1,0.765402586070593
1,0.825787762672357
1,0.631293955776125
1,0.873227380164279
1,0.862363497892729
1,0.485277761071827
1,0.414691644650593
1,0.257156874495865
1,0.654190612828899
1,0.905910634754111
1,0.849018304383582
1,0.337040683295693
1,0.452062047840042
1,0.0263706040043137
1,0.641509000482957
1,0.4229100260524
1,0.801961250301485
1,0.331817659285972
1,0.330177090092894
1,0.831892483787655
1,0.809100984310371
1,0.905198744558278
1,0.768188041574098
1,0.825953597582349
1,0.737880577835946
1,0.875698270365271
1,0.173000509980862
1,0.848746788218279
1,0.226591978389669
1,0.699579909229944
1,0.776020044821446
1,0.706766069672857
1,0.846957607008609
1,0.874417996260835
1,0.678674045143151
1,0.757803601694705
1,0.524162024000771
1,0.93050575351335
1,0.337040683295693
1,0.840659686203414
1,0.846957607008609
1,0.245782403220472
1,0.808380593243206
1,0.860698394700063
1,0.900042156696667
1,0.674067386472983
1,0.73609020294436
1,0.337423144294413
1,0.858256901032722
1,0.620631379377159
1,0.0343336218604548
1,0.631054238604097
1,0.0343336218604548
1,0.733035430805405
1,0.531391721917657
1,0.87738217870149
1,0.629172305112523
1,0.574631434855618
1,0.853281348362795
1,0.872919753648294
1,0.650640592820108
1,0.202394420249431
1,0.395076646051221
1,0.88852169749224
1,0.69854007910241
1,0.781784695744902
1,0.815225588059837
1,0.62013539260601
1,0.870737682471901
1,0.858256901032722
1,0.871416760201967
1,0.821296920806071
1,0.285552014731234
1,0.660247369922209
1,0.742435044043076
1,0.875622376537954
1,0.886528683136054
1,0.848481462001226
1,0.559969389620757
1,0.84510428356854
1,0.580316815199138
1,0.451383857323473
1,0.866764722793982
1,0.626766056954927
1,0.888579863459329
1,0.788167290388254
1,0.799498346996603
1,0.778650527718909
1,0.856255351258826
1,0.811572318511797
1,0.125301807824177
1,0.713951781728705
1,0.407224116286631
1,0.0660188524532885
1,0.517649945764875
1,0.804579184305234
1,0.856255351258826
1,0.838618762287602
1,0.419225291827399
1,0.467852059000348
1,0.38800072793543
1,0.67404752968489
1,0.7960031356617
1,0.712509919102855
1,0.674845841525496
1,0.509446341653738
1,0.882095543253242
1,0.906191559778299
1,0.884366416700398
1,0.670376321510353
1,0.610907478866871
1,0.592700256502108
1,0.892813403220707
1,0.185509753622983
1,0.861397943734728
1,0.87956751214035
1,0.902033222118891
1,0.885105811844653
1,0.685112367289222
1,0.182162962910909
1,0.848481462001226
1,0.518210202816141
1,0.52057542149717
1,0.0135723566564714
1,0.523287469650685
1,0.737465223336722
1,0.663235432776366
1,0.725453096493623
1,0.825445829386078
1,0.788167290388254
1,0.908242626804886
1,0.79671730948437
1,0.900486674380754
1,0.466077414360308
1,0.515092695122117
1,0.657662721378032
1,0.878584627560266
1,0.518674404089408
1,0.625088069693239
1,0.518674404089408
1,0.719248661357901
1,0.742435044043076
1,0.905838167565356
1,0.861595508929438
1,0.36988456614626
1,0.587966158400244
1,0.855661586937826
1,0.620631379377159
1,0.716506628748052
1,0.86080016548816
1,0.891681219488257
1,0.791053922169786
1,0.275220227631528
1,0.866764722793982
1,0.0369264445556058
1,0.747840994233041
1,0.824205281571618
1,0.886537198167183
1,0.433106349340267
1,0.882095543253242
1,0.678674045143151
1,0.774074740860159
1,0.88513421488379
1,0.7019159855701
1,0.785753180953216
1,0.900839683534067
1,0.65455164415576
1,0.815251000058844
1,0.475185749657308
1,0.690235113708157
1,0.93694599771605
1,0.867124806863368
1,0.787183361531851
1,0.716506628748052
1,0.9103587543187
1,0.749750901799368
1,0.819266637254677
1,0.610904724065687
1,0.337423144294413
1,0.502331995126812
1,0.725453096493623
1,0.756393139016277
1,0.842285613053965
1,0.182162962910909
1,0.791053922169786
1,0.909922735782046
1,0.663688962845579
1,0.815069880353356
1,0.857596460847032
1,0.842340951223698
1,0.696749169030393
1,0.829641832694855
1,0.893384278675291
1,0.896357574538946
1,0.682418973532298
1,0.19153861943295
1,0.93050575351335
1,0.737052833501536
1,0.248149544213902
1,0.902033222118891
1,0.818218688148023
1,0.892813403220707
1,0.587146177382547
1,0.245782403220472
1,0.923893713156149
1,0.542930766476131
1,0.657662721378032
1,0.591689181875355
1,0.881405395752111
1,0.840659686203414
1,0.911163517335736
1,0.831161826872521
1,0.846691768368176
1,0.878584627560266
1,0.882095543253242
1,0.331175253207394
1,0.799532385610513
1,0.87056343180344
1,0.90093140227238
1,0.693513805272803
1,0.866624323496321
1,0.423703386714666
1,0.468323258188164
1,0.863859489764986
1,0.81312408492255
1,0.856255351258826
1,0.886351485948412
1,0.776020044821446
1,0.49680013398404
1,0.890239239513909
1,0.218138872760416
1,0.871416760201967
1,0.680890684047851
1,0.897609926376339
1,0.838392061323272
1,0.845109625403013
1,0.939020320847688
1,0.87056343180344
1,0.867794799035223
1,0.839177210776654
1,0.878648589356262
1,0.823715294789396
1,0.869232976998598
1,0.842376127858884
1,0.869715794828214
1,0.469001352587554
1,0.856806969446241
1,0.638062883823285
1,0.811833232602414
1,0.822139232857467
1,0.792245848049575
1,0.222077561421528
1,0.841123593286618
1,0.610907478866871
1,0.52651509622724
1,0.768188041574098
1,0.769205279648424
1,0.801720132946478
1,0.402860500909454
1,0.185509753622983
1,0.86080016548816
1,0.804301203977343
1,0.868385475093961
1,0.751004187062485
1,0.638062883823285
1,0.754043141878659
1,0.773903040775692
1,0.905921082776118
1,0.60665851790486
1,0.448054351764906
1,0.697629567023206
1,0.773903040775692
1,0.825787762672357
1,0.860863037664191
1,0.485277761071827
1,0.838858608960245
1,0.906191559778299
1,0.114970066407364
1,0.865488933800993
1,0.796231349820664
1,0.714131082675814
1,0.841633347584694
1,0.841123593286618
1,0.328758848220549
1,0.515633158621386
1,0.808380593243206
1,0.875622376537954
1,0.845580579375528
1,0.749750901799368
1,0.683945787054685
1,0.848070370517206
1,0.840703611294205
1,0.862314669878392
1,0.846691768368176
1,0.286471381172043
1,0.518674404089408
1,0.847344656125178
1,0.765410658995078
1,0.905198744558278
1,0.869232976998598
1,0.381863141808968
1,0.869232976998598
1,0.385077317975105
1,0.678674045143151
1,0.371625665475282
1,0.65745813849215
1,0.905198744558278
1,0.824205281571618
1,0.625088069693239
1,0.892650918852724
1,0.824205281571618
1,0.586799214124959
1,0.820624477823481
1,0.740371168114163
1,0.802802919966976
1,0.861368716472781
1,0.62339889725523
1,0.222077561421528
1,0.272557543380264
1,0.741888358149078
1,0.270664705789555
1,0.322415377453513
1,0.882757619163278
1,0.477419636656262
1,0.54938529636537
1,0.710395805545992
1,0.874309676514152
1,0.315290294763461
1,0.542557745539063
1,0.111089652231149
1,0.849018304383582
1,0.261692006253736
1,0.710395805545992
1,0.842743331097138
1,0.724756704697293
1,0.874017889634883
1,0.0272458046221365
1,0.79700594102643
1,0.556445267682307
1,0.477419636656262
1,0.769456814500935
1,0.817368331550516
1,0.68976506923321
1,0.840552806499849
1,0.877881239021184
1,0.429179480753812
1,0.112551116657476
1,0.68976506923321
1,0.87003263585498
1,0.706423293382369
1,0.760925677066873
1,0.796231349820664
1,0.36988456614626
1,0.875641714022672
1,0.607324885140462
1,0.779645195747688
1,0.762631730126479
1,0.6588238377333
1,0.831892483787655
1,0.372693353942888
1,0.767294931637439
1,0.541936313361186
1,0.838858608960245
1,0.126283817907879
1,0.848481462001226
1,0.713982219266328
1,0.872919753648294
1,0.587966158400244
1,0.834485311968899
1,0.846957607008609
1,0.591689181875355
1,0.882095543253242
1,0.307693846283981
1,0.718688321307548
1,0.814051468324809
1,0.580316815199138
1,0.802224099292757
1,0.54938529636537
1,0.902955338927712
1,0.914520130582065
1,0.468323258188164
1,0.716918663540271
1,0.818218688148023
1,0.365988069451806
1,0.796734432100212
1,0.752051179310955
1,0.854819123550245
1,0.517895642327902
1,0.222077561421528
1,0.825953597582349
1,0.77074562708095
1,0.817368331550516
1,0.924301925471716
1,0.372693353942888
1,0.787352430572586
1,0.827232471305461
1,0.811572318511797
1,0.805213061532651
1,0.768188041574098
1,0.65455164415576
1,0.524162024000771
1,0.877881239021184
1,0.865709454740205
1,0.892813403220707
1,0.407137923421247
1,0.586784684050347
1,0.899932098582778
1,0.903994008385904
1,0.857935439854137
1,0.407224116286631
1,0.866672305126032
1,0.819712347960826
1,0.788519812192684
1,0.739438943740087
1,0.746794136903872
1,0.869217047286922
1,0.833539073119535
1,0.77528306736932
1,0.861347423843861
1,0.842376127858884
1,0.559582329732288
1,0.864661697534188
1,0.842574536570199
1,0.268578592609545
1,0.577349329006799
1,0.281053263159584
1,0.732438782823453
1,0.875641714022672
1,0.868333585328257
1,0.732438782823453
1,0.711215163527183
1,0.262659722842182
1,0.825953597582349
1,0.862843842017099
1,0.919137694862347
1,0.825032111438389
1,0.878961101004114
1,0.572674308463802
1,0.720481018897065
1,0.832003252761466
1,0.854819123550245
1,0.855773051762983
1,0.269353794019599
1,0.817078271175715
1,0.665979753098852
1,0.789305969333658
1,0.70635950605789
1,0.754043141878659
1,0.715184118729528
1,0.864697994654569
1,0.805213061532651
1,0.335687765127538
1,0.707925223744189
1,0.849018304383582
1,0.674067386472983
1,0.891381779842194
1,0.65275556316016
1,0.823186907337562
1,0.587966158400244
1,0.912404683111119
1,0.847551312896452
1,0.681354495828625
1,0.272557543380264
1,0.0796119615403906
1,0.832723070996997
1,0.854819123550245
1,0.899132473318216
1,0.748730257422267
1,0.832003252761466
1,0.861239323301006
1,0.869948971211467
1,0.339731249881733
1,0.774074740860159
1,0.780166276306241
1,0.634162204200048
1,0.845109625403013
1,0.82906826662557
1,0.822139232857467
1,0.873313201440602
1,0.695149860408571
1,0.560131557008023
1,0.85212926857425
1,0.853508421722543
1,0.546771245059711
1,0.690235113708157
1,0.577349329006799
1,0.859167775072552
1,0.875698270365271
1,0.65455164415576
1,0.846957607008609
1,0.776020044821446
1,0.272557543380264
1,0.796231349820664
1,0.871416760201967
1,0.625564950890711
1,0.899809163045675
1,0.843752212096516
1,0.422863757871314
1,0.567580248033376
1,0.798921517338806
1,0.898140961408786
1,0.339127923702574
1,0.824205281571618
1,0.840659686203414
1,0.591689181875355
1,0.708166702888915
1,0.407137923421247
1,0.676712929486312
1,0.569509615693246
1,0.787183361531851
1,0.682207127482023
1,0.896357574538946
1,0.837515704858713
1,0.920841349226059
1,0.926728527633328
1,0.0799618451977707
1,0.887632183677263
1,0.903317413123638
1,0.790689561572068
1,0.637753930811944
1,0.441229310357466
1,0.885157388374139
1,0.734064255009585
1,0.840971892989515
1,0.855661586937826
1,0.716071470791671
1,0.466973194584997
1,0.33050666387717
1,0.905921082776118
1,0.861755592894194
1,0.817368331550516
1,0.765136281523004
1,0.760230487207302
1,0.275220227631528
1,0.741657340216529
1,0.895867407327402
1,0.775833234766604
1,0.706766069672857
1,0.542930766476131
1,0.885157388374139
1,0.877278352107742
1,0.728090413655961
1,0.322415377453513
1,0.714131082675814
1,0.886537198167183
1,0.370580602665925
1,0.890731178205991
1,0.881405395752111
1,0.786523797914259
1,0.922731305364935
1,0.905614720141986
1,0.871531887218476
1,0.73656770186137
1,0.559582329732288
1,0.816526207280675
1,0.483549272980671
1,0.662984824244858
1,0.262659722842182
1,0.888579863459329
1,0.919477704371547
1,0.617996401937185
1,0.93050575351335
1,0.841094398022505
1,0.131063467159606
1,0.768188041574098
1,0.325900797712923
1,0.200677305468897
1,0.939327146972306
1,0.690235113708157
1,0.924166535987108
1,0.260070699520971
1,0.856255351258826
1,0.626766056954927
1,0.577349329006799
1,0.260070699520971
1,0.799498346996603
1,0.792245848049575
1,0.331670947246998
1,0.866764722793982
1,0.875698270365271
1,0.762272997714559
1,0.694313063237663
1,0.865223054441665
1,0.890731178205991
1,0.524162024000771
1,0.86309805322937
1,0.817490081520869
1,0.716918663540271
1,0.88867009681304
1,0.286471381172043
1,0.719248661357901
1,0.556445267682307
1,0.748935203095861
1,0.853281348362795
1,0.782573414160538
1,0.681354495828625
1,0.720751728846058
1,0.53799310151767
1,0.795807901856361
1,0.604161960798954
1,0.866672305126032
1,0.877881239021184
1,0.902448858053472
1,0.65455164415576
1,0.616216767207223
1,0.711215163527183
1,0.796231349820664
1,0.786980011600376
1,0.90554124949703
1,0.87738217870149
1,0.91002357256067
1,0.720751728846058
1,0.905910634754111
1,0.509446341653738
1,0.924301925471716
1,0.841633347584694
1,0.674845841525496
1,0.831161826872521
1,0.882757619163278
1,0.19153861943295
1,0.588962277852375
1,0.70635950605789
1,0.251378529220392
1,0.587371023662782
1,0.485277761071827
1,0.865017724600949
1,0.840659686203414
1,0.811572318511797
1,0.778650527718909
1,0.851609716615019
1,0.260070699520971
1,0.836899415481442
1,0.61571301685506
1,0.340001034873248
1,0.878961101004114
1,0.669856193383943
1,0.887854604582571
1,0.20311053909391
1,0.806379521821932
1,0.560131557008023
1,0.578415627137866
1,0.6373006918072
1,0.330177090092894
1,0.807810623293013
1,0.360511912872034
1,0.896990892579503
1,0.780941499074518
1,0.568219419264615
1,0.87956751214035
1,0.861368716472781
1,0.780166276306241
1,0.718688321307548
1,0.2425149369779
1,0.867741186506109
1,0.815251000058844
1,0.870737682471901
1,0.878584627560266
1,0.574631434855618
1,0.708166702888915
1,0.816797846198281
1,0.776020044821446
1,0.845109625403013
1,0.893384278675291
1,0.866764722793982
1,0.431108682148546
1,0.0135723566564714
1,0.724756704697293
1,0.620968925171377
1,0.869948971211467
1,0.622519775053804
1,0.370928822841873
1,0.432900276339962
1,0.819266637254677
1,0.819767570629579
1,0.683945787054685
1,0.846957607008609
1,0.817368331550516
1,0.341752985011048
1,0.841633347584694
1,0.769456814500935
1,0.842340951223698
1,0.682207127482023
1,0.79700594102643
1,0.700623038640964
1,0.286471381172043
1,0.568219419264615
1,0.841123593286618
1,0.823312133932006
1,0.572674308463802
1,0.451523128157348
1,0.912404683111119
1,0.590549103716036
1,0.819170812292473
1,0.752406826050669
1,0.871416760201967
1,0.902380494377999
1,0.786523797914259
1,0.891381779842194
1,0.73609020294436
1,0.817490081520869
1,0.569532230593734
1,0.54032838589829
1,0.874100945270599
1,0.693707247979605
1,0.165142702952935
1,0.882729305074374
1,0.517649945764875
1,0.845775375441518
1,0.0933106715480908
1,0.886351485948412
1,0.418861921018468
1,0.337423144294413
1,0.877082770519242
1,0.779319729921018
1,0.796546729711042
1,0.842743331097138
1,0.669225283417734
1,0.796231349820664
1,0.837121420640872
1,0.878584627560266
1,0.638420493618688
1,0.740371168114163
1,0.694313063237663
1,0.856989617161019
1,0.695129277016019
1,0.691185304246588
1,0.574631434855618
1,0.419335897251128
1,0.337040683295693
1,0.625564950890711
1,0.876156816491573
1,0.407137923421247
1,0.817490081520869
1,0.568219419264615
1,0.877082770519242
1,0.368146844945463
1,0.834176094617439
1,0.881342232253897
1,0.922592057376553
1,0.848070370517206
1,0.857217208087407
1,0.725831566830572
1,0.776906173247007
1,0.762238564793188
1,0.616216767207223
1,0.716506628748052
1,0.819712347960826
1,0.845385582247165
1,0.559582329732288
1,0.0166244067508626
1,0.54032838589829
1,0.227596804233579
1,0.877278352107742
1,0.60665851790486
1,0.183747512965206
1,0.694313063237663
1,0.85444762519293
1,0.82837606881931
1,0.307693846283981
1,0.546861939248815
1,0.858256901032722
1,0.52057542149717
1,0.356961041103287
1,0.802849616364229
1,0.836460910442054
1,0.737233334005652
1,0.860698394700063
1,0.77675108379844
1,0.884666378443208
1,0.896947923625352
1,0.822864495342173
1,0.20311053909391
1,0.546771245059711
1,0.885105811844653
1,0.756393139016277
1,0.418861921018468
1,0.885105811844653
1,0.596762880725592
1,0.641509000482957
1,0.906366875947322
1,0.774998285607094
1,0.805213061532651
1,0.730077219759528
1,0.868385475093961
1,0.710395805545992
1,0.38585685686888
1,0.724880195534001
1,0.461135230123649
1,0.636894214583876
1,0.607553995772404
1,0.902380494377999
1,0.447861123493057
1,0.546771245059711
1,0.782744255868223
1,0.522061559429653
1,0.737880577835946
1,0.795807901856361
1,0.610907478866871
1,0.761785333902991
1,0.77074562708095
1,0.87956751214035
1,0.706766069672857
1,0.696033164470463
1,0.506129181924837
1,0.911163517335736
1,0.605849428182133
1,0.875622376537954
1,0.173713864844419
1,0.723067497426344
1,0.90093140227238
1,0.891842231637252
1,0.860863037664191
1,0.730563652861201
1,0.899861520071248
1,0.617195408879768
1,0.899995940343803
1,0.496724352657837
1,0.861595508929438
1,0.845775375441518
1,0.88343608620612
1,0.891842231637252
1,0.337040683295693
1,0.522061559429653
1,0.716935226564355
1,0.871531887218476
1,0.517649945764875
1,0.874100945270599
1,0.67404752968489
1,0.395076646051221
1,0.899809163045675
1,0.616216767207223
1,0.111089652231149
1,0.425891654672872
1,0.509446341653738
1,0.855731612176312
1,0.756393139016277
1,0.657662721378032
1,0.695149860408571
1,0.88061697467198
1,0.870737682471901
1,0.569509615693246
1,0.700623038640964
1,0.724756704697293
1,0.662693624297908
1,0.786523797914259
1,0.881774984152821
1,0.557224028004281
1,0.356961041103287
1,0.580316815199138
1,0.875698270365271
1,0.665979753098852
1,0.858256901032722
1,0.740371168114163
1,0.766009598577565
1,0.823312133932006
1,0.626766056954927
1,0.872919753648294
1,0.87003263585498
1,0.622519775053804
1,0.52057542149717
1,0.823186907337562
1,0.587966158400244
1,0.361318718451778
1,0.226591978389669
1,0.78330657728166
1,0.567580248033376
1,0.720481018897065
1,0.270664705789555
1,0.723550283084459
1,0.268578592609545
1,0.783767051961125
1,0.567580248033376
1,0.783767051961125
1,0.864661697534188
1,0.912482595803348
1,0.763778508730859
1,0.914520130582065
1,0.768188041574098
1,0.765136281523004
1,0.908331729046889
1,0.842285613053965
1,0.738684682551537
1,0.738684682551537
1,0.185509753622983
1,0.153334002026249
1,0.857367513704957
1,0.521377952313005
1,0.330177090092894
1,0.735017393521128
1,0.844426734374144
1,0.299039593392501
1,0.752406826050669
1,0.873847449934127
1,0.878648589356262
1,0.874100945270599
1,0.0369264445556058
1,0.691248532787057
1,0.752051179310955
1,0.8341965464913
1,0.385077317975105
1,0.823715294789396
1,0.881942741617391
1,0.868333585328257
1,0.906387785422152
1,0.774038583069598
1,0.810563709130116
1,0.926544327739075
1,0.916437866882851
1,0.911542563886599
1,0.887854604582571
1,0.690296118822203
1,0.901330644981825
1,0.864661697534188
1,0.691185304246588
1,0.857217208087407
1,0.757803601694705
1,0.62013539260601
1,0.808380593243206
1,0.868895657948157
1,0.422135381589375
1,0.846691768368176
1,0.899902446430669
1,0.886351485948412
1,0.813074983399913
1,0.878584627560266
1,0.923368225606386
1,0.761785333902991
1,0.903055870355228
1,0.922592057376553
1,0.643828488424491
1,0.752051179310955
1,0.656487975070501
1,0.917613173091466
1,0.863859489764986
1,0.587146177382547
1,0.559582329732288
1,0.869471707802219
1,0.35678706302505
1,0.592181215575139
1,0.495047236241478
1,0.557322239492256
1,0.818581139110643
1,0.845775375441518
1,0.896214652700179
1,0.860753958570257
1,0.370928822841873
1,0.546861939248815
1,0.531356566174795
1,0.87056343180344
1,0.841633347584694
1,0.518210202816141
1,0.865223054441665
1,0.723067497426344
1,0.408470743426277
1,0.790660698822917
1,0.419335897251128
1,0.616998975222114
1,0.905910634754111
1,0.559738468486755
1,0.84510428356854
1,0.204201707839133
1,0.339731249881733
1,0.824205281571618
1,0.798921517338806
1,0.452062047840042
1,0.700623038640964
1,0.719059353419054
1,0.905910634754111
1,0.801775788900706
1,0.906191559778299
1,0.226591978389669
1,0.725279919023107
1,0.451523128157348
1,0.88940629441751
1,0.54032838589829
1,0.698563289182038
1,0.877881239021184
1,0.901992085442647
1,0.908580940768746
1,0.467405941241016
1,0.867741186506109
1,0.891381779842194
1,0.580026698072643
1,0.38800072793543
1,0.831161826872521
1,0.783680438896618
1,0.890239239513909
1,0.617996401937185
1,0.475185749657308
1,0.859167775072552
1,0.830477734808527
1,0.610904724065687
1,0.165142702952935
1,0.926728527633328
1,0.77675108379844
1,0.776020044821446
1,0.522158542108416
1,0.695456500723644
1,0.682207127482023
1,0.19153861943295
1,0.663828450218455
1,0.912162248370792
1,0.433106349340267
1,0.210680347509198
1,0.700623038640964
1,0.859323575329844
1,0.801720132946478
1,0.912482595803348
1,0.856255351258826
1,0.730077219759528
1,0.808380593243206
1,0.459245054752729
1,0.90554124949703
1,0.715184118729528
1,0.869948971211467
1,0.747840994233041
1,0.496724352657837
1,0.810563709130116
1,0.782744255868223
1,0.891381779842194
1,0.849018304383582
1,0.873847449934127
1,0.817490081520869
1,0.641509000482957
1,0.900103656169089
1,0.738754746290812
1,0.870737682471901
1,0.40487024049674
1,0.824205281571618
1,0.610904724065687
1,0.823312133932006
1,0.832723070996997
1,0.86552861812925
1,0.523287469650685
1,0.596762880725592
1,0.939327146972306
1,0.150224606906087
1,0.153334002026249
1,0.354418962482621
1,0.895639378832563
1,0.112551116657476
1,0.885695211020519
1,0.904828165931628
1,0.204201707839133
